City_ID,City,Country,Date,Lat,Lng,Max Temp,Humidity,Cloudiness,Wind Speed
0,Mataura,NZ,2022-04-25 17:28:55,-46.1927,168.8643,50.49,84,13,6.11
1,Conceicao Do Araguaia,BR,2022-04-25 17:28:55,-8.2578,-49.2647,88.0,56,23,7.31
2,Katsuura,JP,2022-04-25 17:25:12,35.1333,140.3,66.63,92,98,2.84
3,Port Elizabeth,ZA,2022-04-25 17:27:50,-33.918,25.5701,60.31,90,0,13.8
4,Vaini,TO,2022-04-25 17:25:10,-21.2,-175.2,71.76,94,100,18.41
5,Bluff,NZ,2022-04-25 17:28:56,-46.6,168.3333,50.81,65,17,22.57
6,Kruisfontein,ZA,2022-04-25 17:28:57,-34.0033,24.7314,56.88,78,65,7.38
7,Clyde River,CA,2022-04-25 17:28:57,70.4692,-68.5914,8.83,85,100,25.32
8,Flinders,AU,2022-04-25 17:26:15,-34.5833,150.8552,61.18,92,100,5.01
9,Busselton,AU,2022-04-25 17:21:08,-33.65,115.3333,62.4,79,96,20.11
10,Herat,AF,2022-04-25 17:26:16,34.5,62.0,70.47,28,93,7.7
11,Jamestown,US,2022-04-25 17:20:51,42.097,-79.2353,78.06,38,75,12.66
12,Punta Arenas,CL,2022-04-25 17:22:27,-53.15,-70.9167,44.71,81,75,17.27
13,Nara,JP,2022-04-25 17:28:58,34.6851,135.8049,66.49,70,100,2.51
14,Talnakh,RU,2022-04-25 17:21:08,69.4865,88.3972,-0.8,98,93,3.49
15,Ewo,CG,2022-04-25 17:29:00,-0.8725,14.8206,79.75,75,100,1.99
16,Kapaa,US,2022-04-25 17:19:34,22.0752,-159.319,74.12,83,20,14.97
17,Ribeira Grande,PT,2022-04-25 17:29:00,38.5167,-28.7,64.8,63,20,12.66
18,Saint-Pierre,RE,2022-04-25 17:26:19,-21.3393,55.4781,73.29,78,0,8.05
19,Thompson,CA,2022-04-25 17:29:01,55.7435,-97.8558,17.76,32,20,6.91
20,Bredasdorp,ZA,2022-04-25 17:26:20,-34.5322,20.0403,57.2,68,12,5.08
21,Provideniya,RU,2022-04-25 17:29:02,64.3833,-173.3,21.83,90,33,12.19
22,Barrow,US,2022-04-25 17:29:02,71.2906,-156.7887,10.42,79,100,6.91
23,Mar Del Plata,AR,2022-04-25 17:28:16,-38.0023,-57.5575,68.02,65,0,11.99
24,Henties Bay,NA,2022-04-25 17:29:03,-22.116,14.2845,63.07,70,0,7.52
25,Lorengau,PG,2022-04-25 17:29:03,-2.0226,147.2712,80.29,82,95,7.78
26,Albany,US,2022-04-25 17:28:11,42.6001,-73.9662,66.94,35,100,3.0
27,Roald,NO,2022-04-25 17:29:04,62.5833,6.1333,48.9,81,75,10.36
28,Tambopata,PE,2022-04-25 17:26:23,-12.7333,-69.1833,87.69,66,40,2.3
29,Karratha,AU,2022-04-25 17:29:05,-20.7377,116.8463,77.94,66,42,8.34
30,Hobart,AU,2022-04-25 17:29:05,-42.8794,147.3294,52.05,90,73,5.75
31,Luderitz,NA,2022-04-25 17:29:05,-26.6481,15.1594,62.28,58,0,19.04
32,Westport,US,2022-04-25 17:27:03,41.1415,-73.3579,63.3,42,100,7.0
33,Mudgee,AU,2022-04-25 17:29:06,-32.5943,149.5871,55.78,88,100,5.75
34,Comodoro Rivadavia,AR,2022-04-25 17:29:07,-45.8667,-67.5,57.06,38,40,24.16
35,Arraial Do Cabo,BR,2022-04-25 17:29:07,-22.9661,-42.0278,80.56,69,40,12.66
36,Rikitea,PF,2022-04-25 17:29:08,-23.1203,-134.9692,75.33,78,100,12.03
37,San Rafael,AR,2022-04-25 17:29:08,-34.6177,-68.3301,65.14,35,0,8.21
38,New Norfolk,AU,2022-04-25 17:29:09,-42.7826,147.0587,51.71,85,73,2.39
39,Lebu,CL,2022-04-25 17:29:10,-37.6167,-73.65,56.46,68,100,20.33
40,Krasnoselkup,RU,2022-04-25 17:26:27,65.7,82.4667,-0.31,95,27,4.92
41,Chokurdakh,RU,2022-04-25 17:29:10,70.6333,147.9167,6.62,91,100,6.55
42,Aripuana,BR,2022-04-25 17:29:11,-9.1667,-60.6333,91.2,47,9,4.34
43,Hilo,US,2022-04-25 17:25:27,19.7297,-155.09,72.28,92,75,4.61
44,Hermanus,ZA,2022-04-25 17:16:55,-34.4187,19.2345,59.81,71,0,6.13
45,Yellowknife,CA,2022-04-25 17:25:13,62.456,-114.3525,34.32,60,75,12.66
46,Sitka,US,2022-04-25 17:27:52,57.0531,-135.33,44.49,76,20,0.0
47,Oyama,JP,2022-04-25 17:30:12,36.3,139.8,69.58,75,100,2.75
48,Gombong,ID,2022-04-25 17:30:12,-7.6072,109.5142,77.95,90,99,2.82
49,Port Hardy,CA,2022-04-25 17:30:13,50.6996,-127.4199,44.78,87,75,6.91
50,Khasan,RU,2022-04-25 17:30:13,42.4308,130.6434,43.83,97,100,5.66
51,Molepolole,BW,2022-04-25 17:30:14,-24.4066,25.4951,66.34,53,5,8.55
52,Isangel,VU,2022-04-25 17:30:14,-19.55,169.2667,76.66,69,99,15.19
53,Geraldton,AU,2022-04-25 17:30:15,-28.7667,114.6,70.21,73,100,18.41
54,Dikson,RU,2022-04-25 17:30:15,73.5069,80.5464,1.44,100,96,4.63
55,Luwuk,ID,2022-04-25 17:30:16,-0.9516,122.7875,77.85,86,96,2.95
56,Qaanaaq,GL,2022-04-25 17:21:02,77.484,-69.3632,10.94,66,91,5.06
57,Houston,US,2022-04-25 17:28:08,29.7633,-95.3633,88.18,66,75,16.11
58,Ushuaia,AR,2022-04-25 17:30:17,-54.8,-68.3,42.42,67,100,3.36
59,Puerto Ayora,EC,2022-04-25 17:30:17,-0.7393,-90.3518,76.96,78,78,10.0
60,Port Alfred,ZA,2022-04-25 17:30:18,-33.5906,26.891,58.17,84,46,1.01
61,Ponta Do Sol,PT,2022-04-25 17:21:10,32.6667,-17.1,69.12,79,57,10.29
62,East London,ZA,2022-04-25 17:30:18,-33.0153,27.9116,58.14,88,0,9.22
63,Ilulissat,GL,2022-04-25 17:30:19,69.2167,-51.1,28.42,86,75,3.44
64,Ponta Delgada,PT,2022-04-25 17:30:19,37.7333,-25.6667,61.52,77,40,18.41
65,Kavieng,PG,2022-04-25 17:30:20,-2.5744,150.7967,81.64,73,20,9.04
66,Sao Felix Do Xingu,BR,2022-04-25 17:30:20,-6.6447,-51.995,88.3,56,19,5.77
67,Bethel,US,2022-04-25 17:30:21,41.3712,-73.414,63.64,34,100,3.44
68,Bemidji,US,2022-04-25 17:30:21,47.4736,-94.8803,27.05,85,100,16.11
69,Grindavik,IS,2022-04-25 17:30:22,63.8424,-22.4338,45.07,81,75,10.36
70,Atuona,PF,2022-04-25 17:30:22,-9.8,-139.0333,78.24,77,32,17.13
71,Mokhotlong,LS,2022-04-25 17:30:22,-29.2894,29.0675,43.56,57,0,3.33
72,Galveston,US,2022-04-25 17:30:23,29.3669,-94.9669,87.19,73,75,12.66
73,Praia Da Vitoria,PT,2022-04-25 17:30:25,38.7333,-27.0667,64.65,68,20,13.69
74,Orlik,RU,2022-04-25 17:30:25,52.5178,99.825,10.67,82,21,3.62
75,Hithadhoo,MV,2022-04-25 17:30:25,-0.6,73.0833,85.01,73,41,7.58
76,Ibra,OM,2022-04-25 17:30:26,22.6906,58.5334,83.19,29,3,9.84
77,Talisayan,PH,2022-04-25 17:30:26,6.9872,121.9272,80.1,86,94,1.83
78,Vila Franca Do Campo,PT,2022-04-25 17:30:27,37.7167,-25.4333,61.21,68,4,11.86
79,Northam,GB,2022-04-25 17:30:27,51.0333,-4.2167,51.48,74,54,7.83
80,Wairoa,NZ,2022-04-25 17:30:28,-39.0333,177.3667,46.54,99,5,1.99
81,Chuy,UY,2022-04-25 17:30:28,-33.6971,-53.4616,66.09,97,100,4.23
82,Cape Town,ZA,2022-04-25 17:27:58,-33.9258,18.4232,61.21,70,0,14.97
83,Takoradi,GH,2022-04-25 17:30:29,4.8845,-1.7554,82.08,80,54,6.64
84,Okato,NZ,2022-04-25 17:30:30,-39.2,173.8833,54.91,84,17,2.95
85,Lompoc,US,2022-04-25 17:30:30,34.6391,-120.4579,77.56,65,0,4.61
86,Digoin,FR,2022-04-25 17:30:30,46.4812,3.9795,59.09,73,100,9.22
87,Klaksvik,FO,2022-04-25 17:30:31,62.2266,-6.589,41.92,83,92,17.83
88,Sturgis,US,2022-04-25 17:30:21,41.7992,-85.4192,56.07,64,100,9.22
89,Charters Towers,AU,2022-04-25 17:30:31,-20.1,146.2667,69.53,92,100,14.72
90,Aksu,CN,2022-04-25 17:21:00,41.1231,80.2644,69.19,23,41,11.1
91,Ulaangom,MN,2022-04-25 17:27:09,49.9811,92.0667,32.29,41,75,1.54
92,Coria,ES,2022-04-25 17:31:32,39.9879,-6.5377,70.45,49,60,7.25
93,Pangnirtung,CA,2022-04-25 17:31:33,66.1451,-65.7125,23.0,93,100,24.16
94,Kasempa,ZM,2022-04-25 17:31:33,-13.4584,25.8338,68.36,68,97,4.34
95,Vila Velha,BR,2022-04-25 17:31:34,-20.3297,-40.2925,84.15,68,75,13.8
96,Koslan,RU,2022-04-25 17:31:34,63.4564,48.8989,33.91,88,95,3.11
97,Esperance,AU,2022-04-25 17:31:36,-33.8667,121.9,67.84,43,100,24.7
98,San Antonio,US,2022-04-25 17:27:00,29.4241,-98.4936,71.47,88,100,13.8
99,Kavaratti,IN,2022-04-25 17:30:24,10.5669,72.642,85.15,73,34,5.55
100,Santa Maria,BR,2022-04-25 17:31:36,-29.6842,-53.8069,74.5,78,40,5.75
101,Butaritari,KI,2022-04-25 17:31:37,3.0707,172.7902,79.81,83,29,15.03
102,Airai,TL,2022-04-25 17:31:37,-8.9266,125.4092,57.88,77,99,0.92
103,Rosarito,MX,2022-04-25 17:31:38,32.3333,-117.0333,85.24,28,6,8.3
104,Tuktoyaktuk,CA,2022-04-25 17:31:38,69.4541,-133.0374,32.56,92,100,4.0
105,Severo-Kurilsk,RU,2022-04-25 17:31:39,50.6789,156.125,31.42,87,99,18.97
106,Serenje,ZM,2022-04-25 17:31:39,-13.2325,30.2352,61.0,94,11,3.2
107,Cidreira,BR,2022-04-25 17:31:39,-30.1811,-50.2056,75.49,67,96,12.48
108,Saint-Philippe,RE,2022-04-25 17:31:40,-21.3585,55.7679,73.22,83,49,15.99
109,Castro,BR,2022-04-25 17:31:40,-24.7911,-50.0119,77.54,48,0,3.42
110,Avarua,CK,2022-04-25 17:30:35,-21.2078,-159.775,69.85,100,88,2.3
111,Agdas,AZ,2022-04-25 17:31:41,40.65,47.4761,67.66,59,42,6.58
112,Antofagasta,CL,2022-04-25 17:31:41,-23.65,-70.4,65.48,73,78,9.42
113,Hasaki,JP,2022-04-25 17:31:42,35.7333,140.8333,59.4,89,98,5.99
114,Hambantota,LK,2022-04-25 17:31:42,6.1241,81.1185,81.39,80,72,2.3
115,Tura,IN,2022-04-25 17:31:43,25.5198,90.2201,75.4,64,0,6.51
116,Vardo,NO,2022-04-25 17:23:36,70.3705,31.1107,31.98,80,40,9.22
117,Urumqi,CN,2022-04-25 17:30:04,43.801,87.6005,47.35,76,0,13.42
118,Cabo San Lucas,MX,2022-04-25 17:28:46,22.8909,-109.9124,85.3,69,0,6.91
119,Beberibe,BR,2022-04-25 17:31:44,-4.1797,-38.1306,81.36,75,93,7.99
120,Victoria,HK,2022-04-25 17:29:13,22.2855,114.1577,82.45,84,20,8.01
121,Ialibu,PG,2022-04-25 17:31:44,-6.2821,143.9935,56.23,97,100,1.97
122,Georgetown,MY,2022-04-25 17:27:08,5.4112,100.3354,82.33,91,20,4.61
123,Biscarrosse,FR,2022-04-25 17:31:45,44.3945,-1.1672,62.55,51,0,8.05
124,Masakin,TN,2022-04-25 17:31:46,35.7292,10.5808,71.8,68,0,9.22
125,Tasiilaq,GL,2022-04-25 17:23:40,65.6145,-37.6368,37.56,95,100,8.79
126,San Quintin,MX,2022-04-25 17:31:46,30.4833,-115.95,75.15,27,0,7.09
127,Kharan,PK,2022-04-25 17:31:47,28.5833,65.4167,87.85,14,33,2.95
128,Nikolskoye,RU,2022-04-25 17:31:47,59.7035,30.7861,41.72,96,100,4.59
129,Hay River,CA,2022-04-25 17:31:47,60.8156,-115.7999,46.38,46,40,9.22
130,Mahebourg,MU,2022-04-25 17:31:48,-20.4081,57.7,76.24,73,40,11.5
131,Mogadishu,SO,2022-04-25 17:23:42,2.0371,45.3438,83.35,70,24,14.54
132,Acajutla,SV,2022-04-25 17:31:48,13.5928,-89.8275,85.42,63,8,8.46
133,Guerrero Negro,MX,2022-04-25 17:31:49,27.9769,-114.0611,78.53,27,0,5.75
134,Faanui,PF,2022-04-25 17:31:49,-16.4833,-151.75,80.64,73,59,5.95
135,Saint-Francois,FR,2022-04-25 17:31:50,46.4154,3.9054,58.44,67,100,9.22
136,Plettenberg Bay,ZA,2022-04-25 17:31:50,-34.0527,23.3716,57.49,76,29,4.88
137,Kupang,ID,2022-04-25 17:31:50,-10.1667,123.5833,75.29,80,58,5.3
138,Torbay,CA,2022-04-25 17:30:21,47.6666,-52.7314,44.89,93,100,18.41
139,Redlands,US,2022-04-25 17:30:35,34.0556,-117.1825,82.18,15,0,1.01
140,Tilichiki,RU,2022-04-25 17:32:51,60.4667,166.1,23.18,93,96,10.85
141,Midland,US,2022-04-25 17:32:52,31.9974,-102.0779,66.79,37,0,20.71
142,Alugan,PH,2022-04-25 17:32:52,12.2188,125.4808,80.82,86,100,13.04
143,Lichinga,MZ,2022-04-25 17:32:53,-13.3128,35.2406,68.09,94,75,8.05
144,Kodiak,US,2022-04-25 17:32:53,57.79,-152.4072,38.71,65,100,12.66
145,Lasa,IT,2022-04-25 17:32:54,46.6166,10.7002,52.68,96,90,1.16
146,Nemuro,JP,2022-04-25 17:32:54,43.3236,145.575,39.54,79,38,9.98
147,Kiruna,SE,2022-04-25 17:32:55,67.8557,20.2251,31.12,69,20,10.36
148,Palauig,PH,2022-04-25 17:32:55,15.435,119.9045,82.45,71,32,4.38
149,Saskylakh,RU,2022-04-25 17:32:55,71.9167,114.0833,-8.54,100,83,3.83
150,Utrecht,NL,2022-04-25 17:30:40,52.0,5.25,51.98,83,100,3.0
151,Half Moon Bay,US,2022-04-25 17:32:56,37.4636,-122.4286,70.99,64,0,5.75
152,Coihaique,CL,2022-04-25 17:30:01,-45.5752,-72.0662,41.61,87,100,5.75
153,Abu Dhabi,AE,2022-04-25 17:30:02,24.4667,54.3667,86.11,63,0,8.05
154,Chandla,IN,2022-04-25 17:32:57,25.0833,80.2,93.56,9,0,3.44
155,Pimenta Bueno,BR,2022-04-25 17:31:07,-11.6725,-61.1936,88.56,59,32,4.45
156,Iskateley,RU,2022-04-25 17:32:57,67.6803,53.1512,29.93,97,99,10.0
157,Voloshka,RU,2022-04-25 17:32:58,61.3314,40.0858,38.28,99,100,6.71
158,Myaundzha,RU,2022-04-25 17:32:58,63.0494,147.1858,-8.32,97,16,4.0
159,Hamilton,US,2022-04-25 17:30:25,39.1834,-84.5333,72.93,85,75,14.97
160,Tuatapere,NZ,2022-04-25 17:32:59,-46.1333,167.6833,42.57,86,25,6.2
161,Ranong,TH,2022-04-25 17:32:59,9.9658,98.6348,80.56,82,35,0.94
162,Czluchow,PL,2022-04-25 17:33:00,53.6672,17.3588,44.26,81,99,8.3
163,Oistins,BB,2022-04-25 17:33:00,13.0667,-59.5333,75.29,94,75,16.11
164,Cairns,AU,2022-04-25 17:29:33,-16.9167,145.7667,76.06,100,40,2.3
165,Forestville,US,2022-04-25 17:33:01,38.8451,-76.875,69.39,73,100,11.5
166,Noumea,NC,2022-04-25 17:24:58,-22.2763,166.4572,73.99,99,99,12.35
167,Aksarka,RU,2022-04-25 17:33:02,66.5606,67.7975,30.09,91,66,8.77
168,Sarangani,PH,2022-04-25 17:33:02,5.4033,125.4636,83.28,74,100,13.51
169,Narsaq,GL,2022-04-25 17:33:03,60.9167,-46.05,46.62,76,93,1.99
170,Huarmey,PE,2022-04-25 17:33:03,-10.0681,-78.1522,73.49,72,96,10.45
171,Havre-Saint-Pierre,CA,2022-04-25 17:33:04,50.2334,-63.5986,39.56,81,40,9.22
172,Inirida,CO,2022-04-25 17:33:04,3.8653,-67.9239,84.78,79,38,2.13
173,Upernavik,GL,2022-04-25 17:33:04,72.7868,-56.1549,21.29,83,32,0.76
174,Kokkola,FI,2022-04-25 17:33:05,63.8385,23.1307,41.04,81,20,5.75
175,Thinadhoo,MV,2022-04-25 17:33:05,0.5333,72.9333,85.42,70,45,6.76
176,Zharkent,KZ,2022-04-25 17:33:06,44.1628,80.0,54.21,57,6,11.95
177,Cap-Aux-Meules,CA,2022-04-25 17:33:06,47.3821,-61.8597,44.65,75,20,12.66
178,Bowen,AU,2022-04-25 17:33:07,-20.0167,148.2333,77.31,79,100,19.98
179,Antalaha,MG,2022-04-25 17:33:07,-14.9003,50.2788,74.25,87,49,7.54
180,Kaitangata,NZ,2022-04-25 17:33:08,-46.2817,169.8464,46.58,74,5,12.19
181,Avila,ES,2022-04-25 17:28:57,40.5833,-5.0,59.65,52,38,4.56
182,Port Lincoln,AU,2022-04-25 17:33:08,-34.7333,135.8667,64.65,80,92,7.4
183,Srednekolymsk,RU,2022-04-25 17:33:09,67.45,153.6833,-1.23,100,92,3.71
184,Khatanga,RU,2022-04-25 17:33:09,71.9667,102.5,-9.47,100,30,3.24
185,Artsvanist,AM,2022-04-25 17:34:10,40.1544,45.5022,49.64,78,95,4.05
186,Bull Savanna,JM,2022-04-25 17:34:10,17.8868,-77.5902,80.08,64,63,12.55
187,Rizhao,CN,2022-04-25 17:34:11,35.4275,119.4553,57.81,95,100,2.8
188,Olafsvik,IS,2022-04-25 17:34:11,64.8945,-23.7142,44.96,76,93,5.08
189,Constitucion,CL,2022-04-25 17:34:11,-35.3333,-72.4167,57.15,75,100,7.81
190,La Rioja,ES,2022-04-25 17:34:12,42.25,-2.5,62.38,65,62,4.79
191,Carnarvon,AU,2022-04-25 17:34:12,-24.8667,113.6333,68.07,83,40,3.44
192,Tomatlan,MX,2022-04-25 17:34:14,19.9333,-105.25,89.1,37,0,8.43
193,Markova,UA,2022-04-25 17:34:15,48.6758,24.4138,48.38,86,98,3.22
194,Nova Odesa,UA,2022-04-25 17:34:15,47.3078,31.7851,55.74,68,43,8.16
195,Lons-Le-Saunier,FR,2022-04-25 17:34:16,46.75,5.75,52.23,95,89,4.97
196,Alofi,NU,2022-04-25 17:34:16,-19.0595,-169.9187,75.09,94,99,9.22
197,Cherskiy,RU,2022-04-25 17:34:17,68.75,161.3,17.42,82,100,4.59
198,Ada,US,2022-04-25 17:33:53,43.4166,-116.1262,64.65,29,0,21.0
199,Sabha,LY,2022-04-25 17:34:17,27.0377,14.4283,85.96,9,99,12.64
200,Arman,RU,2022-04-25 17:34:18,59.7,150.1667,22.96,73,100,10.25
201,Otradnoye,RU,2022-04-25 17:34:18,59.7775,30.8181,43.03,96,100,4.54
202,Pisco,PE,2022-04-25 17:34:19,-13.7,-76.2167,70.02,83,0,8.05
203,Ancud,CL,2022-04-25 17:31:59,-41.8697,-73.8203,51.22,92,100,29.53
204,Temir,KZ,2022-04-25 17:34:19,49.1414,57.13,50.9,39,99,4.29
205,Usinsk,RU,2022-04-25 17:34:20,65.9939,57.5281,30.56,92,100,8.14
206,Albina,SR,2022-04-25 17:34:20,5.5,-54.05,83.57,82,97,3.62
207,Mangaratiba,BR,2022-04-25 17:34:21,-22.9597,-44.0406,83.26,78,27,9.57
208,Bathsheba,BB,2022-04-25 17:34:21,13.2167,-59.5167,75.81,94,75,16.11
209,West Point,US,2022-04-25 17:30:18,33.6076,-88.6503,83.35,63,40,12.66
210,Jrashen,AM,2022-04-25 17:34:22,40.7903,44.1866,51.78,80,60,4.09
211,Tutoia,BR,2022-04-25 17:34:22,-2.7619,-42.2744,79.95,84,80,9.57
212,Aswan,EG,2022-04-25 17:34:23,24.0934,32.907,88.97,10,0,8.39
213,Sorland,NO,2022-04-25 17:34:23,67.667,12.6934,37.26,62,91,25.95
214,Orchard Homes,US,2022-04-25 17:34:24,46.8633,-114.0484,59.27,44,0,1.01
215,Puerto Ayacucho,VE,2022-04-25 17:34:24,5.6639,-67.6236,84.97,69,95,2.89
216,Nome,US,2022-04-25 17:34:24,64.5011,-165.4064,30.27,93,100,5.75
217,Wukari,NG,2022-04-25 17:34:25,7.85,9.7833,90.82,44,92,6.04
218,Bucelas,PT,2022-04-25 17:34:25,38.9019,-9.1189,64.31,58,20,12.66
219,Santa Isabel Do Rio Negro,BR,2022-04-25 17:34:26,-0.4139,-65.0192,87.78,65,92,3.56
220,Guarapari,BR,2022-04-25 17:34:27,-20.6667,-40.4975,80.89,68,80,9.62
221,Usogorsk,RU,2022-04-25 17:34:27,63.4106,48.6872,34.59,87,95,3.36
222,Teknaf,BD,2022-04-25 17:34:28,20.8624,92.3058,79.75,90,13,2.06
223,Sao Joao Da Barra,BR,2022-04-25 17:34:28,-21.6403,-41.0511,78.89,68,28,9.93
224,Dharchula,IN,2022-04-25 17:34:29,29.85,80.5333,67.5,29,71,6.8
225,Mitu,CO,2022-04-25 17:30:01,1.1983,-70.1733,82.4,81,44,1.54
226,Wamba,NG,2022-04-25 17:34:29,8.9333,8.6,87.78,46,67,1.92
227,Lagoa,PT,2022-04-25 17:34:30,39.05,-27.9833,58.19,72,2,12.86
228,Acapulco,MX,2022-04-25 17:34:30,16.8634,-99.8901,85.82,66,0,6.91
229,Komatsu,JP,2022-04-25 17:34:31,36.4026,136.4509,62.58,82,75,2.3
230,Orsha,BY,2022-04-25 17:35:31,54.5153,30.4053,49.08,86,94,3.83
231,Shache,CN,2022-04-25 17:35:31,38.4167,77.2406,68.72,9,74,18.3
232,Palmer,US,2022-04-25 17:35:32,42.1584,-72.3287,65.21,25,100,6.91
233,Benicarlo,ES,2022-04-25 17:35:32,40.4165,0.4271,68.56,72,15,4.16
234,Finschhafen,PG,2022-04-25 17:35:33,-6.6024,147.8681,79.38,82,51,8.12
235,Sembakung,ID,2022-04-25 17:35:33,3.8167,117.25,73.36,100,100,3.24
236,Aloleng,PH,2022-04-25 17:35:33,16.1307,119.7824,82.76,77,23,6.69
237,Bud,US,2022-04-25 17:31:38,39.447,-86.1758,58.42,96,100,11.72
238,Mayumba,GA,2022-04-25 17:35:34,-3.432,10.6554,78.08,90,100,5.73
239,Sobolevo,RU,2022-04-25 17:35:35,54.4299,31.8996,48.65,93,100,3.15
240,Presidencia Roque Saenz Pena,AR,2022-04-25 17:35:35,-26.7852,-60.4388,86.43,54,52,7.43
241,Burley,US,2022-04-25 17:35:36,42.5357,-113.7928,59.2,31,0,8.05
242,San Policarpo,PH,2022-04-25 17:35:36,12.1791,125.5072,81.41,85,100,14.12
243,High Level,CA,2022-04-25 17:35:37,58.5169,-117.136,42.91,52,100,10.36
244,Souillac,MU,2022-04-25 17:35:37,-20.5167,57.5167,75.58,73,40,11.5
245,Lucapa,AO,2022-04-25 17:35:38,-8.4192,20.7447,68.9,92,77,4.21
246,Qaqortoq,GL,2022-04-25 17:35:38,60.7167,-46.0333,39.06,79,90,6.11
247,Babat,ID,2022-04-25 17:35:39,-7.1128,112.1635,76.14,93,78,1.14
248,Corn Island,NI,2022-04-25 17:35:39,12.1694,-83.0418,80.71,76,12,5.84
249,Saint-Louis,SN,2022-04-25 17:35:39,16.3333,-15.0,101.84,13,4,16.64
250,Abu Samrah,SY,2022-04-25 17:35:40,35.3029,37.1841,72.79,38,22,11.1
251,Honiara,SB,2022-04-25 17:35:40,-9.4333,159.95,77.05,85,20,4.18
252,Poum,NC,2022-04-25 17:35:41,-20.2333,164.0167,74.95,66,93,13.67
253,Nuuk,GL,2022-04-25 17:35:41,64.1835,-51.7216,32.61,74,75,4.61
254,Avera,US,2022-04-25 17:35:42,33.194,-82.5271,81.55,47,6,5.77
255,Dingle,PH,2022-04-25 17:35:42,10.9995,122.6711,78.12,89,36,6.71
256,Sinnamary,GF,2022-04-25 17:35:43,5.3833,-52.95,82.78,76,97,9.48
257,Axim,GH,2022-04-25 17:35:43,4.8699,-2.2405,80.76,84,66,5.86
258,Kodinsk,RU,2022-04-25 17:35:44,58.6881,99.1844,28.9,98,100,4.21
259,Yacuiba,BO,2022-04-25 17:35:44,-22.038,-63.6797,90.37,58,20,5.75
260,Nurota,UZ,2022-04-25 17:35:45,40.5614,65.6886,62.78,32,100,9.15
261,Baijiantan,CN,2022-04-25 17:35:45,45.6333,85.1833,53.71,75,99,9.78
262,Itarema,BR,2022-04-25 17:35:45,-2.9248,-39.9167,79.63,84,90,11.01
263,Tautira,PF,2022-04-25 17:33:07,-17.7333,-149.15,80.37,75,17,7.85
264,Oktyabrskiy,RU,2022-04-25 17:35:46,54.4815,53.471,52.66,73,98,2.57
265,San Patricio,US,2022-04-25 17:35:47,28.017,-97.5169,87.08,54,27,15.97
266,Kushmurun,KZ,2022-04-25 17:35:47,52.4503,64.6311,51.1,40,53,11.7
267,Kaeo,NZ,2022-04-25 17:35:48,-35.1,173.7833,56.32,96,29,2.91
268,Bambanglipuro,ID,2022-04-25 17:35:48,-7.95,110.2833,77.72,88,74,2.73
269,Berlevag,NO,2022-04-25 17:35:49,70.8578,29.0864,30.2,66,97,14.81
270,Olinda,BR,2022-04-25 17:35:50,-8.0089,-34.8553,82.13,78,75,6.91
271,Toamasina,MG,2022-04-25 17:35:50,-18.1667,49.3833,74.44,86,71,6.17
272,Lokot,RU,2022-04-25 17:35:51,52.565,34.5776,53.01,96,100,3.04
273,Nantucket,US,2022-04-25 17:35:51,41.2835,-70.0995,55.54,59,0,11.5
274,Watsa,CD,2022-04-25 17:35:52,3.0372,29.5355,66.02,87,95,2.98
275,Ozu,JP,2022-04-25 17:35:53,33.5,132.55,62.19,89,100,7.23
276,Araouane,ML,2022-04-25 17:36:53,18.9048,-3.5265,90.97,13,0,11.3
277,Yar-Sale,RU,2022-04-25 17:36:54,66.8333,70.8333,14.2,96,51,7.38
278,Amapa,BR,2022-04-25 17:36:54,1.0,-52.0,81.34,81,80,4.45
279,Ostrovnoy,RU,2022-04-25 17:36:54,68.0531,39.5131,34.12,98,100,4.29
280,Surt,LY,2022-04-25 17:36:55,31.2089,16.5887,64.36,74,98,13.8
281,Disna,BY,2022-04-25 17:36:55,55.568,28.1971,48.7,75,96,4.38
282,Pulandian,CN,2022-04-25 17:36:56,39.3953,121.9669,52.81,96,96,6.31
283,Senanga,ZM,2022-04-25 17:36:56,-16.1167,23.2667,70.12,60,54,0.47
284,Umm Lajj,SA,2022-04-25 17:32:19,25.0213,37.2685,78.51,47,0,5.82
285,Iqaluit,CA,2022-04-25 17:36:57,63.7506,-68.5145,4.73,85,100,29.93
286,Rotterdam,NL,2022-04-25 17:36:57,51.9225,4.4792,51.87,77,100,9.22
287,Tecalitlan,MX,2022-04-25 17:36:58,19.4667,-103.3,75.65,15,2,3.33
288,Vilyuysk,RU,2022-04-25 17:36:58,63.7553,121.6247,13.84,98,81,4.34
289,Namibe,AO,2022-04-25 17:36:59,-15.1961,12.1522,71.28,80,2,7.47
290,Jiangyou,CN,2022-04-25 17:36:59,31.7667,104.7167,69.12,63,100,0.96
291,Aykhal,RU,2022-04-25 17:36:59,66.0,111.5,9.73,97,91,3.38
292,Beira,MZ,2022-04-25 17:37:00,-19.8436,34.8389,78.89,89,20,6.91
293,Sungairaya,ID,2022-04-25 17:37:00,0.7,108.9,77.52,88,100,2.48
294,Batagay-Alyta,RU,2022-04-25 17:37:01,67.8006,130.4114,2.57,98,100,4.21
295,Camacha,PT,2022-04-25 17:37:01,33.0833,-16.3333,62.02,77,20,9.22
296,High Prairie,CA,2022-04-25 17:37:02,55.4334,-116.4858,57.31,45,80,9.98
297,Pevek,RU,2022-04-25 17:37:02,69.7008,170.3133,1.78,93,95,2.91
298,Dalvik,IS,2022-04-25 17:37:03,65.9702,-18.5286,44.53,82,98,2.06
299,Biak,ID,2022-04-25 17:37:03,-0.9131,122.8766,76.78,84,89,3.33
300,Rajgarh,IN,2022-04-25 17:37:04,28.6333,75.3833,88.84,16,52,9.8
301,Rio Gallegos,AR,2022-04-25 17:37:04,-51.6226,-69.2181,44.47,71,100,18.14
302,Senges,BR,2022-04-25 17:37:05,-24.1128,-49.4636,79.18,55,0,4.54
303,Macheta,CO,2022-04-25 17:37:05,5.0815,-73.6076,62.2,84,100,0.76
304,Oxelosund,SE,2022-04-25 17:37:06,58.6706,17.1015,55.78,35,0,6.91
305,Zatoka,UA,2022-04-25 17:37:06,46.0725,30.4654,52.09,81,51,11.27
306,Bambous Virieux,MU,2022-04-25 17:37:10,-20.3428,57.7575,76.21,73,40,11.5
307,Husavik,IS,2022-04-25 17:36:46,66.0449,-17.3389,43.86,73,85,3.58
308,Port Hawkesbury,CA,2022-04-25 17:37:11,45.6169,-61.3485,57.88,79,100,10.36
309,Arys,KZ,2022-04-25 17:37:11,42.4252,68.795,56.41,48,94,7.23
310,Bonavista,CA,2022-04-25 17:34:12,48.6499,-53.1147,37.02,91,80,14.92
311,Belomorsk,RU,2022-04-25 17:37:12,64.5232,34.7668,35.22,88,98,2.93
312,Terrace Bay,CA,2022-04-25 17:37:12,48.7834,-87.1,35.31,80,95,11.7
313,Campbell River,CA,2022-04-25 17:36:43,50.0163,-125.2446,51.46,81,75,3.44
314,Lora Del Rio,ES,2022-04-25 17:37:13,37.659,-5.5275,73.2,57,18,5.14
315,Leighton Buzzard,GB,2022-04-25 17:37:13,51.9172,-0.658,56.21,68,20,13.8
316,Deputatskiy,RU,2022-04-25 17:37:13,69.3,139.9,-0.17,99,100,2.44
317,Chapais,CA,2022-04-25 17:37:14,49.7834,-74.8492,38.98,96,100,11.54
318,Barghat,IN,2022-04-25 17:37:14,22.0333,79.7167,88.14,13,0,6.08
319,Qasigiannguit,GL,2022-04-25 17:37:15,68.8193,-51.1922,28.65,89,99,2.01
320,Columbia,US,2022-04-25 17:32:52,34.0007,-81.0348,84.04,53,75,10.36
321,Harer,ET,2022-04-25 17:37:16,9.3094,42.1258,59.86,94,100,5.01
322,Cockburn Town,TC,2022-04-25 17:38:16,21.4612,-71.1419,77.88,67,98,16.28
323,Taunsa,PK,2022-04-25 17:38:17,30.7048,70.6505,88.14,19,1,5.95
324,Teguldet,RU,2022-04-25 17:38:17,57.3064,88.1667,29.66,90,52,6.87
325,Hualmay,PE,2022-04-25 17:38:17,-11.0964,-77.6139,72.68,71,95,9.64
326,Salinopolis,BR,2022-04-25 17:38:18,-0.6136,-47.3561,81.86,81,75,9.98
327,Vanimo,PG,2022-04-25 17:38:18,-2.6741,141.3028,77.86,90,98,5.37
328,Mumbwa,ZM,2022-04-25 17:38:19,-14.9783,27.0619,66.54,63,54,1.57
329,Minab,IR,2022-04-25 17:38:19,27.1467,57.0801,84.52,39,6,2.3
330,Turbat,PK,2022-04-25 17:38:20,26.0023,63.044,87.39,43,0,7.05
331,Novyy Urengoy,RU,2022-04-25 17:38:21,66.0833,76.6333,7.14,97,56,7.2
332,Hiroshima,JP,2022-04-25 17:34:36,34.3963,132.4594,66.4,36,100,2.57
333,Namatanai,PG,2022-04-25 17:38:21,-3.6667,152.4333,78.44,81,100,4.38
334,Warud,IN,2022-04-25 17:38:22,21.4667,78.2667,93.54,14,38,11.63
335,Chauk,MM,2022-04-25 17:38:22,20.8833,94.8167,88.72,53,3,8.03
336,Jatai,BR,2022-04-25 17:38:22,-17.8814,-51.7144,88.34,38,17,10.33
337,Koidu,SL,2022-04-25 17:38:23,8.4167,-10.8333,90.25,44,60,4.63
338,Kiunga,PG,2022-04-25 17:38:23,-6.1219,141.2906,74.01,100,100,1.16
339,Gizo,SB,2022-04-25 17:38:24,-8.103,156.8419,81.9,74,93,3.27
340,Richards Bay,ZA,2022-04-25 17:38:24,-28.783,32.0377,67.23,88,100,15.14
341,Snezhnogorsk,RU,2022-04-25 17:38:24,69.1933,33.2531,31.78,99,100,13.91
342,Hami,CN,2022-04-25 17:34:20,42.8,93.45,66.79,23,78,15.73
343,Pipirig,RO,2022-04-25 17:38:25,47.25,26.0667,52.68,83,100,4.76
344,Beruwala,LK,2022-04-25 17:38:25,6.4788,79.9828,79.02,84,100,3.24
345,Kabala,SL,2022-04-25 17:38:26,9.5833,-11.55,93.4,28,99,4.99
346,Barmer,IN,2022-04-25 17:38:26,25.75,71.3833,86.45,35,5,15.43
347,Along,IN,2022-04-25 17:38:27,28.1667,94.7667,63.97,84,79,2.39
348,Peoria,US,2022-04-25 17:38:27,40.7667,-89.7668,55.31,60,100,16.11
349,Kathu,TH,2022-04-25 17:37:44,7.9178,98.3332,78.62,74,68,1.21
350,Kamenka,RU,2022-04-25 17:38:28,51.3223,42.7678,59.76,70,73,7.63
351,Gillette,US,2022-04-25 17:38:28,44.2911,-105.5022,47.1,49,0,9.22
352,Carballo,ES,2022-04-25 17:38:28,43.213,-8.691,63.82,68,57,2.37
353,Potiskum,NG,2022-04-25 17:38:29,11.7091,11.0694,99.1,16,75,4.92
354,Cayenne,GF,2022-04-25 17:33:33,4.9333,-52.3333,85.08,9,75,16.11
355,Anadyr,RU,2022-04-25 17:37:48,64.75,177.4833,25.3,79,0,22.37
356,Sept-Iles,CA,2022-04-25 17:38:30,50.2001,-66.3821,41.05,88,100,14.97
357,Caravelas,BR,2022-04-25 17:38:30,-17.7125,-39.2481,83.55,62,9,7.29
358,Te Anau,NZ,2022-04-25 17:37:31,-45.4167,167.7167,40.24,92,23,1.25
359,El Alto,PE,2022-04-25 17:38:31,-4.2714,-81.2147,78.46,70,51,15.97
360,Beringovskiy,RU,2022-04-25 17:37:38,63.05,179.3167,26.1,96,100,22.53
361,Omboue,GA,2022-04-25 17:38:31,-1.5746,9.2618,79.11,88,100,5.86
362,Mangrol,IN,2022-04-25 17:38:32,21.1167,70.1167,82.38,64,0,9.71
363,Vostok,RU,2022-04-25 17:38:32,46.4856,135.8833,39.85,75,100,6.17
364,Leningradskiy,RU,2022-04-25 17:38:33,69.3833,178.4167,4.82,96,78,6.29
365,Touros,BR,2022-04-25 17:38:33,-5.1989,-35.4608,84.85,62,41,13.27
366,Haines Junction,CA,2022-04-25 17:38:34,60.7522,-137.5108,37.35,60,99,0.0
367,Ozernovskiy,RU,2022-04-25 17:38:34,51.5,156.5167,31.05,91,100,14.79
368,Saldanha,ZA,2022-04-25 17:38:35,-33.0117,17.9442,57.25,77,0,17.94
369,Svetlogorsk,BY,2022-04-25 17:39:35,52.6333,29.7333,52.47,88,70,2.62
370,Charagua,BO,2022-04-25 17:39:35,-19.8,-63.2167,92.77,34,11,16.26
371,Maumere,ID,2022-04-25 17:39:36,-8.6199,122.2111,78.87,74,100,4.32
372,Waingapu,ID,2022-04-25 17:39:36,-9.6567,120.2641,76.33,75,100,4.47
373,Port Pirie,AU,2022-04-25 17:39:37,-33.1833,138.0167,62.69,64,100,9.4
374,Uvira,CD,2022-04-25 17:39:37,-3.4067,29.1458,74.23,89,80,3.36
375,Vestmannaeyjar,IS,2022-04-25 17:39:38,63.4427,-20.2734,45.59,81,75,8.05
376,Adelaide,AU,2022-04-25 17:39:17,-34.9333,138.6,68.22,59,0,6.91
377,Macae,BR,2022-04-25 17:39:38,-22.3708,-41.7869,83.95,58,40,9.22
378,Kanye,BW,2022-04-25 17:39:39,-24.9667,25.3327,58.96,46,39,6.55
379,Sretensk,RU,2022-04-25 17:39:39,52.2453,117.7093,36.55,60,100,10.54
380,Buraydah,SA,2022-04-25 17:39:08,26.326,43.975,79.25,27,49,12.95
381,Tiksi,RU,2022-04-25 17:39:40,71.6872,128.8694,-6.77,100,98,3.27
382,Belle Fourche,US,2022-04-25 17:39:40,44.6714,-103.8522,52.34,46,36,3.96
383,Port-Gentil,GA,2022-04-25 17:39:41,-0.7193,8.7815,84.16,84,40,11.5
384,Pacific Grove,US,2022-04-25 17:39:41,36.6177,-121.9166,66.42,74,0,5.99
385,George Town,MY,2022-04-25 17:38:09,5.4112,100.3354,82.33,92,20,4.61
386,Kudahuvadhoo,MV,2022-04-25 17:39:42,2.6708,72.8944,84.78,66,27,3.98
387,Zlitan,LY,2022-04-25 17:39:42,32.4674,14.5687,67.24,55,92,12.95
388,Okhotsk,RU,2022-04-25 17:39:43,59.3833,143.3,21.7,81,33,10.38
389,Sairang,IN,2022-04-25 17:39:43,23.8,92.6667,74.41,75,16,3.27
390,Standerton,ZA,2022-04-25 17:39:44,-26.9337,29.2415,56.61,67,34,1.66
391,Togur,RU,2022-04-25 17:39:44,58.3631,82.8265,36.43,81,99,9.42
392,Bumba,CD,2022-04-25 17:39:45,2.1833,22.4667,73.81,95,94,1.36
393,Gamba,GA,2022-04-25 17:39:45,-2.65,10.0,78.4,86,95,5.53
394,Grand Gaube,MU,2022-04-25 17:39:45,-20.0064,57.6608,76.37,69,6,5.01
395,Ballina,AU,2022-04-25 17:34:53,-28.8667,153.5667,60.76,89,100,1.14
396,Copiapo,CL,2022-04-25 17:39:46,-27.3667,-70.3333,60.49,36,0,7.38
397,Pokhara,NP,2022-04-25 17:39:46,28.2333,83.9833,73.35,25,1,8.46
398,Dalaba,GN,2022-04-25 17:39:47,10.7,-12.25,91.02,12,6,5.7
399,Cervo,ES,2022-04-25 17:39:47,43.6702,-7.4101,57.47,80,65,9.4
400,Esmeraldas,BR,2022-04-25 17:39:34,-19.7625,-44.3139,83.26,35,13,7.94
401,Hofn,IS,2022-04-25 17:39:49,64.2539,-15.2082,41.02,87,100,13.8
402,Bereda,ES,2022-04-25 17:39:49,43.2686,-7.5406,57.42,70,61,2.82
403,Kingaroy,AU,2022-04-25 17:39:50,-26.5333,151.8333,57.24,100,100,5.75
404,Kaseda,JP,2022-04-25 17:39:50,31.4167,130.3167,70.27,94,57,9.8
405,Paka,MY,2022-04-25 17:39:51,4.6374,103.4368,78.73,94,98,0.0
406,Montepuez,MZ,2022-04-25 17:39:51,-13.1256,38.9997,69.87,96,98,3.38
407,Barra Do Garcas,BR,2022-04-25 17:39:51,-15.89,-52.2567,95.58,43,20,13.8
408,Nobeoka,JP,2022-04-25 17:39:52,32.5833,131.6667,66.58,96,98,4.59
409,Petropavlovsk-Kamchatskiy,RU,2022-04-25 17:39:53,53.0452,158.6483,30.79,74,75,4.47
410,Samoylovka,RU,2022-04-25 17:39:53,51.184,43.7081,56.7,74,45,9.28
411,Tomball,US,2022-04-25 17:39:54,30.0972,-95.6161,86.59,65,75,4.61
412,Saint-Augustin,CA,2022-04-25 17:35:28,51.226,-58.6502,39.9,94,98,10.4
413,Umba,RU,2022-04-25 17:40:54,66.6871,34.3429,34.74,98,100,3.6
414,Aquiraz,BR,2022-04-25 17:40:49,-3.9014,-38.3911,86.09,74,78,9.95
415,Lagdo,CM,2022-04-25 17:40:55,9.05,13.7333,95.77,30,99,4.85
416,La Ronge,CA,2022-04-25 17:40:55,55.1001,-105.2842,26.85,39,20,12.66
417,Nichinan,JP,2022-04-25 17:40:56,31.6,131.3667,69.84,97,60,5.75
418,Kununurra,AU,2022-04-25 17:40:57,-15.7667,128.7333,67.98,88,96,0.0
419,Aklavik,CA,2022-04-25 17:40:58,68.2191,-135.0107,32.65,100,100,1.79
420,Tromso,NO,2022-04-25 17:39:00,69.6496,18.957,32.02,74,75,14.97
421,Brae,GB,2022-04-25 17:40:58,60.3964,-1.353,45.32,74,100,16.31
422,Banda Aceh,ID,2022-04-25 17:40:30,5.5577,95.3222,80.26,82,99,12.55
423,Tambura,SS,2022-04-25 17:40:59,5.6,27.4667,72.19,78,98,3.78
424,Salalah,OM,2022-04-25 17:37:54,17.0151,54.0924,84.29,70,0,5.75
425,Awjilah,LY,2022-04-25 17:41:00,29.1081,21.2869,86.04,10,83,9.86
426,Tatvan,TR,2022-04-25 17:41:00,38.5067,42.2817,52.99,68,63,2.24
427,Rundu,NA,2022-04-25 17:41:01,-17.9333,19.7667,70.05,36,3,3.11
428,Atar,MR,2022-04-25 17:41:01,20.5169,-13.0499,90.48,22,0,18.07
429,Laguna,US,2022-04-25 17:41:02,38.421,-121.4238,72.97,40,0,5.75
430,Nisia Floresta,BR,2022-04-25 17:41:02,-6.0911,-35.2086,88.18,69,100,11.05
431,Andijon,UZ,2022-04-25 17:41:03,40.7821,72.3442,65.48,48,35,5.93
432,Longyearbyen,SJ,2022-04-25 17:40:42,78.2186,15.6401,4.84,56,75,13.8
433,Borodyanka,UA,2022-04-25 17:41:03,50.6448,29.9201,54.28,88,98,5.91
434,Letterkenny,IE,2022-04-25 17:41:04,54.95,-7.7333,53.53,66,99,5.59
435,Maxixe,MZ,2022-04-25 17:41:04,-23.8597,35.3472,76.82,83,20,4.61
436,Chegdomyn,RU,2022-04-25 17:41:05,51.1167,133.0167,27.14,90,100,2.66
437,Kuito,AO,2022-04-25 17:41:05,-12.3833,16.9333,62.6,70,55,1.66
438,Onega,RU,2022-04-25 17:41:06,63.9061,38.1404,36.18,95,99,5.73
439,Vitim,RU,2022-04-25 17:41:06,59.4511,112.5578,26.47,96,100,5.68
440,Alice Springs,AU,2022-04-25 17:36:22,-23.7,133.8833,54.95,100,11,0.0
441,Carutapera,BR,2022-04-25 17:41:07,-1.195,-46.02,81.09,81,97,7.85
442,Sunrise Manor,US,2022-04-25 17:41:07,36.2111,-115.0731,77.23,13,0,13.8
443,Wanning,CN,2022-04-25 17:39:55,18.8003,110.3967,77.99,94,11,9.57
444,Champerico,GT,2022-04-25 17:41:08,14.3,-91.9167,90.14,62,52,8.63
445,Derzhavinsk,KZ,2022-04-25 17:41:09,51.1,66.3167,50.88,33,25,6.11
446,Muhos,FI,2022-04-25 17:41:09,64.808,25.9931,38.98,91,100,4.88
447,Kedrovyy,RU,2022-04-25 17:41:10,56.1667,91.8167,25.21,96,65,3.36
448,Bartica,GY,2022-04-25 17:41:10,6.4,-58.6167,82.72,72,87,4.14
449,Pitimbu,BR,2022-04-25 17:37:32,-7.4706,-34.8086,86.59,81,100,13.06
450,Bengkulu,ID,2022-04-25 17:37:52,-3.8004,102.2655,76.08,91,99,6.93
451,Sexsmith,CA,2022-04-25 17:41:11,55.35,-118.786,51.15,40,100,3.44
452,Yulara,AU,2022-04-25 17:41:11,-25.2406,130.9889,58.84,77,35,5.75
453,Khuzhir,RU,2022-04-25 17:41:12,53.1939,107.3397,23.4,79,31,5.7
454,Mezen,RU,2022-04-25 17:41:12,65.8522,44.24,33.71,92,100,5.39
455,Sankheda,IN,2022-04-25 17:41:13,22.1667,73.5833,89.17,20,0,6.31
456,Mecca,SA,2022-04-25 17:41:13,21.4267,39.8261,84.4,54,7,4.52
457,Adrar,MR,2022-04-25 17:42:13,20.5022,-10.0711,89.19,17,0,17.83
458,Lianran,CN,2022-04-25 17:42:14,24.9227,102.485,63.14,40,0,8.63
459,Broome,US,2022-04-25 17:42:14,42.2506,-75.833,72.46,53,91,10.0
460,Norman Wells,CA,2022-04-25 17:42:15,65.282,-126.8329,39.24,65,75,3.44
461,Nanortalik,GL,2022-04-25 17:39:11,60.1432,-45.2371,35.38,89,89,9.6
462,Bilibino,RU,2022-04-25 17:42:16,68.0546,166.4372,12.85,89,100,4.21
463,Sakakah,SA,2022-04-25 17:42:16,29.9697,40.2064,78.37,47,45,6.64
464,Glenwood Springs,US,2022-04-25 17:42:16,39.5505,-107.3248,48.07,68,75,3.44
465,Mehamn,NO,2022-04-25 17:39:17,71.0357,27.8492,30.15,80,20,6.91
466,Zyryanka,RU,2022-04-25 17:42:17,65.75,150.85,6.87,97,89,9.31
467,Mount Gambier,AU,2022-04-25 17:42:17,-37.8333,140.7667,53.51,87,90,5.75
468,Mikhaylovka,RU,2022-04-25 17:42:18,50.06,43.2379,63.7,59,49,7.38
469,Mosquera,CO,2022-04-25 17:40:39,4.7059,-74.2302,57.29,82,100,5.75
470,Zhigansk,RU,2022-04-25 17:42:19,66.7697,123.3711,2.34,96,61,2.15
471,Tsumeb,NA,2022-04-25 17:42:19,-19.2333,17.7167,72.59,30,11,7.81
472,Kargopol,RU,2022-04-25 17:42:20,61.5071,38.9456,37.02,99,100,4.97
473,Oliveira Dos Brejinhos,BR,2022-04-25 17:42:20,-12.3169,-42.8961,92.48,24,0,11.45
474,Nabire,ID,2022-04-25 17:42:21,-3.3667,135.4833,77.0,92,97,3.29
475,Bandarbeyla,SO,2022-04-25 17:42:21,9.4942,50.8122,82.71,70,53,8.61
476,Pombas,CV,2022-04-25 17:42:22,17.1503,-25.0201,78.58,77,4,14.9
477,Chandbali,IN,2022-04-25 17:42:22,20.7833,86.7667,82.35,84,4,11.5
478,Kloulklubed,PW,2022-04-25 17:39:18,7.0419,134.2556,75.7,78,100,17.54
479,Sao Jose Da Coroa Grande,BR,2022-04-25 17:42:23,-8.8978,-35.1478,81.68,74,85,13.15
480,Mto Wa Mbu,TZ,2022-04-25 17:42:24,-3.35,35.85,71.55,82,100,1.39
481,Margate,GB,2022-04-25 17:42:24,51.3813,1.3862,53.31,80,80,8.99
482,Phangnga,TH,2022-04-25 17:42:24,8.4509,98.5298,78.84,89,72,1.19
483,San Carlos De Bariloche,AR,2022-04-25 17:42:25,-41.1456,-71.3082,44.35,65,20,32.21
484,Biharamulo,TZ,2022-04-25 17:42:25,-2.6319,31.3089,62.19,93,79,2.71
485,Berbera,SO,2022-04-25 17:42:26,10.4396,45.0143,87.24,57,78,4.65
486,Aqtobe,KZ,2022-04-25 17:42:26,50.2797,57.2072,46.49,61,100,4.47
487,Maragogi,BR,2022-04-25 17:42:27,-9.0122,-35.2225,81.82,73,90,13.29
488,Raudeberg,NO,2022-04-25 17:42:27,61.9875,5.1352,48.87,82,33,22.75
489,Glendive,US,2022-04-25 17:42:28,47.1053,-104.7125,43.48,54,0,8.05
490,Rio Grande,BR,2022-04-25 17:42:28,-32.035,-52.0986,68.11,95,100,6.17
491,Vernon,CA,2022-04-25 17:38:51,50.2581,-119.2691,63.61,43,89,2.3
492,Ferkessedougou,CI,2022-04-25 17:42:29,9.6,-5.2,94.21,25,94,6.35
493,Marystown,CA,2022-04-25 17:42:29,47.1666,-55.1483,53.85,100,58,11.99
494,Asau,RO,2022-04-25 17:42:30,46.4333,26.4,54.95,76,35,5.21
495,Nishihara,JP,2022-04-25 17:37:57,26.1842,127.7558,76.68,97,75,14.97
496,Fort Nelson,CA,2022-04-25 17:42:30,58.8053,-122.7002,35.19,87,100,2.3
497,Tabuk,PH,2022-04-25 17:42:30,17.4189,121.4443,74.91,87,24,3.71
498,Sambava,MG,2022-04-25 17:42:31,-14.2667,50.1667,76.39,86,70,9.1
499,Maniitsoq,GL,2022-04-25 17:42:32,65.4167,-52.9,29.32,79,100,7.05
500,Chinhoyi,ZW,2022-04-25 17:42:32,-17.3667,30.2,66.78,73,34,5.28
501,Tianpeng,CN,2022-04-25 17:42:32,30.9866,103.9393,68.47,66,100,4.52
502,Atlacomulco,MX,2022-04-25 17:43:34,19.7989,-99.8744,73.54,28,21,3.44
503,Saint George,US,2022-04-25 17:41:01,37.1041,-113.5841,69.44,17,0,4.61
504,Nenjiang,CN,2022-04-25 17:43:35,49.1833,125.2167,35.58,93,100,22.12
505,Gilbues,BR,2022-04-25 17:43:26,-9.8317,-45.3439,91.53,27,40,11.41
506,Russell,US,2022-04-25 17:38:49,32.3502,-85.1999,83.12,57,20,6.91
507,Sabancuy,MX,2022-04-25 17:43:38,18.9667,-91.1833,91.69,49,2,5.82
508,Azanka,RU,2022-04-25 17:43:38,58.0401,64.7893,41.43,95,69,5.57
509,Port Hueneme,US,2022-04-25 17:43:39,34.1478,-119.1951,89.06,25,0,10.36
510,Chapada Dos Guimaraes,BR,2022-04-25 17:43:39,-15.4606,-55.7497,85.66,42,11,8.93
511,Koutiala,ML,2022-04-25 17:43:39,12.3917,-5.4642,100.83,8,20,6.38
512,Yumen,CN,2022-04-25 17:43:40,40.2833,97.2,53.37,17,57,19.84
513,Khuzdar,PK,2022-04-25 17:43:41,27.7384,66.6434,80.85,16,28,5.57
514,Kjollefjord,NO,2022-04-25 17:43:41,70.9457,27.3465,32.05,80,20,6.91
515,Boone,US,2022-04-25 17:43:41,39.0334,-92.3335,55.4,45,87,12.26
516,Rorvik,NO,2022-04-25 17:43:42,64.8621,11.2373,41.11,65,75,12.66
517,Grenada,ES,2022-04-25 17:43:42,37.1882,-3.6067,70.77,43,20,10.36
518,Smirnykh,RU,2022-04-25 17:43:43,49.75,142.8333,22.73,89,20,3.89
519,Mildura,AU,2022-04-25 17:43:43,-34.2,142.15,61.07,72,100,3.44
520,Dongsheng,CN,2022-04-25 17:43:44,39.8161,109.9776,43.47,25,0,25.08
521,Xining,CN,2022-04-25 17:43:44,36.6167,101.7667,50.59,55,67,3.0
522,Mednogorskiy,RU,2022-04-25 17:43:44,43.9178,41.1825,56.57,82,18,4.88
523,Pontianak,ID,2022-04-25 17:43:08,-0.0333,109.3333,76.98,100,100,3.44
524,Komsomolskiy,UZ,2022-04-25 17:43:45,40.4272,71.7189,66.92,63,50,4.61
525,Destin,US,2022-04-25 17:43:46,30.3935,-86.4958,87.44,78,75,10.36
526,Oranjestad,AW,2022-04-25 17:40:58,12.524,-70.027,85.95,62,20,21.85
527,San Agustin,MX,2022-04-25 17:43:46,20.5333,-103.4667,83.52,9,0,4.94
528,Borovoy,RU,2022-04-25 17:43:47,55.4333,86.0833,40.28,48,0,4.47
529,Codrington,AU,2022-04-25 17:43:47,-38.2667,141.9667,54.52,82,85,8.23
530,Beni,CD,2022-04-25 17:43:47,0.5,29.4667,63.34,99,89,3.22
531,Rawson,AR,2022-04-25 17:43:48,-43.3002,-65.1023,63.52,26,84,21.52
532,Bouna,CI,2022-04-25 17:43:48,9.2667,-3.0,88.84,34,100,4.54
533,Casimiro Castillo,MX,2022-04-25 17:43:49,19.6,-104.4333,95.41,24,3,5.99
534,Moberly,US,2022-04-25 17:43:49,39.4184,-92.4382,49.98,55,75,14.97
535,Macau,MO,2022-04-25 17:43:50,22.2006,113.5461,82.85,94,40,8.05
536,Naron,ES,2022-04-25 17:43:50,43.5167,-8.1528,65.25,74,38,6.78
537,Winslow,US,2022-04-25 17:43:50,35.0242,-110.6974,55.58,18,0,4.61
538,Tocopilla,CL,2022-04-25 17:43:51,-22.092,-70.1979,69.84,74,99,7.16
539,Toora-Khem,RU,2022-04-25 17:43:51,52.4675,96.11,20.75,78,11,2.75
540,Allanridge,ZA,2022-04-25 17:43:52,-27.7543,26.6438,49.6,60,0,6.8
541,Erice,IT,2022-04-25 17:43:52,38.037,12.5865,54.07,88,0,12.66
542,Sioux Lookout,CA,2022-04-25 17:43:42,50.1001,-91.917,17.67,73,100,12.66
543,Meulaboh,ID,2022-04-25 17:43:53,4.1363,96.1285,77.45,88,100,5.19
544,Cotacachi,EC,2022-04-25 17:43:53,0.3,-78.2667,67.55,69,96,3.91
545,Samana,DO,2022-04-25 17:43:54,19.2056,-69.3369,82.62,78,40,13.8
546,Naze,JP,2022-04-25 17:43:55,28.3667,129.4833,72.52,92,31,14.32
547,Constanza,DE,2022-04-25 17:43:56,47.6603,9.1758,55.83,94,87,7.99
548,Hobyo,SO,2022-04-25 17:43:56,5.3505,48.5268,83.68,72,28,12.93
549,Hokitika,NZ,2022-04-25 17:43:57,-42.7167,170.9667,51.51,82,71,6.78
550,Kwekwe,ZW,2022-04-25 17:44:57,-18.9281,29.8149,71.73,73,79,5.64
551,Labis,MY,2022-04-25 17:44:57,2.385,103.021,75.58,93,100,1.25
552,Mwense,ZM,2022-04-25 17:44:58,-10.3845,28.698,67.28,93,74,3.22
553,Otane,NZ,2022-04-25 17:44:58,-39.8833,176.6333,46.0,93,8,2.93
554,Gat,IL,2022-04-25 17:43:01,31.61,34.7642,80.4,100,0,7.61
555,Dindori,IN,2022-04-25 17:44:59,22.95,81.0833,82.78,13,0,1.19
556,Bantry,IE,2022-04-25 17:44:59,51.6833,-9.45,54.79,77,93,12.73
557,Tshikapa,CD,2022-04-25 17:45:00,-6.4167,20.8,73.89,91,91,1.1
558,Ternate,ID,2022-04-25 17:45:00,0.8,127.4,81.25,79,91,1.54
559,Muzhi,RU,2022-04-25 17:45:01,65.3667,64.6667,23.4,97,92,5.37
560,Faya,SA,2022-04-25 17:45:01,18.3851,42.4509,66.31,51,11,3.62
561,Ereymentau,KZ,2022-04-25 17:45:02,51.6199,73.1033,40.69,42,35,6.51
562,Bang Phae,TH,2022-04-25 17:45:03,13.6916,99.9298,87.98,91,84,7.83
563,Santo Domingo,DO,2022-04-25 17:45:03,18.5001,-69.9886,87.44,67,75,12.66
564,Sisimiut,GL,2022-04-25 17:45:04,66.9395,-53.6735,28.87,81,95,6.71
565,Coquimbo,CL,2022-04-25 17:45:04,-29.9533,-71.3436,62.33,77,0,9.22
566,Znamenskoye,RU,2022-04-25 17:45:05,57.1281,73.8282,43.66,61,99,7.27
567,Boyolangu,ID,2022-04-25 17:45:05,-8.1181,111.8935,76.06,91,50,1.95
568,Havoysund,NO,2022-04-25 17:45:06,70.9963,24.6622,32.23,75,75,22.03
569,Laplace,US,2022-04-25 17:45:06,30.0666,-90.4801,86.99,63,40,11.5
570,Shizunai,JP,2022-04-25 17:45:07,42.3339,142.3669,45.23,78,53,9.04
571,Livingstone,ZM,2022-04-25 17:45:07,-17.8419,25.8543,73.71,47,82,3.89
